prospect_business,source,fit,channel,first_contact,follow_up,reply,positive_signal,sample,call,proposal,amount,cash_collected,delivery_hours,next_action
Openworld Properties,Own website (Oct 4 2026),High,Email info@openworldproperties.com,,,,,,,,,,,Review and send draft 6
SLPM Property Management,Own website (Oct 4 2026),High,Email info@slpm.com,,,,,,,,,,,Review and send draft 7
The Lapham Company,Own website (Oct 4 2026),Medium,Email info@laphamcompany.com,,,,,,,,,,,Review and send draft 8
Marquardt Property Management,Own website (Oct 4 2026),High,Email info@mpmoakland.com,,,,,,,,,,,Review and send draft 9
Asnani CPA,Own website (Oct 4 2026),High,Email sasnani@asnanicpa.com,,,,,,,,,,,Review and send draft 10
Hwang Choi Kim & Jeon CPAs,Own website (Oct 4 2026),Medium,Email info@hwangchoicpas.com,,,,,,,,,,,Review and send draft 11
Summit Tax & Financial Services,Own website (Oct 4 2026),High,Email info@summit-tax.com,,,,,,,,,,,Review and send draft 12
Harp Insurance Services,Own website (Oct 4 2026),Medium,Email lharp649@earthlink.net,,,,,,,,,,,Review and send draft 13
Macaulay Insurance Agency,Own website (Oct 4 2026),Medium,Email susan@macaulayins.com,,,,,,,,,,,Review and send draft 14
Busy Bee Accounting Services,Own website (Oct 4 2026),High,Email info@busybeeaccounting.com,,,,,,,,,,,Review and send draft 15
Berliner Cohen LLP (Mariposa),Own website (Oct 4 2026),Low-Medium,Email kimberly.flores@berliner.com,,,,,,,,,,,Review and send draft 16
Better Books Bookkeeping,Own website (Oct 4 2026),Medium,Phone 209.966.2800,,,,,,,,,,,Call during 9-5
Catheys Valley Real Estate,Own website (Oct 4 2026),Medium,Phone/text 209.777.3100,,,,,,,,,,,Call or text
Real Property Management Pacific,Own website (Oct 4 2026),Low,Contact form,,,,,,,,,,,Send form note last
Jeffrey Shaw Farmers Insurance,Own website (Oct 4 2026),Low,Phone (209) 742-6660 or form,,,,,,,,,,,Ask about AI-use rules first
